red_0,Episode Length,Solved
1.4908593749999999,13,True
-0.037000000000000026,1280,False
1.4908593749999999,13,True
-0.025000000000000015,1280,False
1.4908593749999999,13,True
1.4908593749999999,13,True
-0.01800000000000001,1280,False
1.49015625,14,True
-0.022000000000000013,1280,False
1.49015625,14,True
