red_0,Episode Length,Solved
1.49015625,14,True
1.4908593749999999,13,True
-0.011000000000000003,1280,False
-0.03000000000000002,1280,False
1.49015625,14,True
1.4908593749999999,13,True
-0.011000000000000003,1280,False
1.4908593749999999,13,True
1.49015625,14,True
1.4908593749999999,13,True
